{"cameraMode":{"drawMode":0,"name":"Shaded","section":"Shading Mode"},"sceneLighting":true,"audioPlay":false,"sceneViewState":{"showFog":true,"showMaterialUpdate":false,"showSkybox":true,"showFlares":true,"showImageEffects":true,"showParticleSystems":true},"in2DMode":false,"pivot":{"x":-13.717870712280274,"y":-3.801438331604004,"z":27.077512741088868},"rotation":{"x":-0.09940546751022339,"y":0.3151959180831909,"z":-0.03321776166558266,"w":-0.9432215094566345},"size":41.398075103759769,"orthographic":false}