{"cameraMode":{"drawMode":0,"name":"Shaded","section":"Shading Mode"},"sceneLighting":false,"audioPlay":false,"sceneViewState":{"showFog":true,"showMaterialUpdate":false,"showSkybox":true,"showFlares":true,"showImageEffects":true,"showParticleSystems":true},"in2DMode":false,"pivot":{"x":2.5690042972564699,"y":3.338585615158081,"z":0.0},"rotation":{"x":-0.14821630716323853,"y":0.024322867393493654,"z":-0.003646380268037319,"w":-0.9886491298675537},"size":15.873085021972657,"orthographic":true}