{"cameraMode":{"drawMode":0,"name":"Shaded","section":"Shading Mode"},"sceneLighting":true,"audioPlay":false,"sceneViewState":{"showFog":true,"showMaterialUpdate":false,"showSkybox":true,"showFlares":true,"showImageEffects":true,"showParticleSystems":true},"in2DMode":false,"pivot":{"x":0.0,"y":0.6209999322891235,"z":0.08899974822998047},"rotation":{"x":-0.14821630716323853,"y":0.024322867393493654,"z":-0.003646380268037319,"w":-0.9886491298675537},"size":23.28603744506836,"orthographic":true}